CDR3b	cluster_id	tool	dataset
CASSPGDRAHQPQHF	AHQP_4_6	immgliph	glanville
CASSQGDRAHQPQHF	AHQP_4_6	immgliph	glanville
CASSFLAHQPQHF	AHQP_4_6	immgliph	glanville
CASSVALLGETQYF	ALLG_2_3	immgliph	glanville
CASSVALLGGEQYF	ALLG_2_3	immgliph	glanville
CASSALLGGNTIYF	ALLG_2_3	immgliph	glanville
CASSVALLGNTIYF	ALLG_2_3	immgliph	glanville
CASSDIAGEYNEQFF	DIAG_2_5	immgliph	glanville
CASSQDIAGTSTDTQYF	DIAG_2_5	immgliph	glanville
CSARDIAGFQETQYF	DIAG_2_5	immgliph	glanville
CASSDLADIAGELFF	DIAG_2_5	immgliph	glanville
CSGKGTDQNTEAFF	DQNT_2_4	immgliph	glanville
CASSPDQNTEAFF	DQNT_2_4	immgliph	glanville
CASSDQNTEAFF	DQNT_2_4	immgliph	glanville
CASSTRDRVHNEQFF	DRVH_4_4	immgliph	glanville
CATGPRDRVHNEQFF	DRVH_4_4	immgliph	glanville
CASSARDRVHNEQFF	DRVH_4_4	immgliph	glanville
CSARSSGGEAKNIQYF	EAKN_6_10	immgliph	glanville
CSARASGGEAKNIQYF	EAKN_6_10	immgliph	glanville
CSARAGGGEAKNIQYF	EAKN_6_10	immgliph	glanville
CSARSGGAEAKNIQYF	EAKN_6_10	immgliph	glanville
CSARKGGGEAKNIQYF	EAKN_6_10	immgliph	glanville
CATSDLHRDRQTEAKNIQYF	EAKN_6_10	immgliph	glanville
CASSYEWDREAFF	EWDR_2_3	immgliph	glanville
CASSQEWDRVVTF	EWDR_2_3	immgliph	glanville
CASSEWDRYSQPQHF	EWDR_2_3	immgliph	glanville
CSARSSGGEAKNIQYF	GEAK_5_5	immgliph	glanville
CSARASGGEAKNIQYF	GEAK_5_5	immgliph	glanville
CSARAGGGEAKNIQYF	GEAK_5_5	immgliph	glanville
CSARKGGGEAKNIQYF	GEAK_5_5	immgliph	glanville
CSAIIRVGNTEAFF	IRVG_2_4	immgliph	glanville
CSARIRVGDGYTF	IRVG_2_4	immgliph	glanville
CASSQAIRVGETQYF	IRVG_2_4	immgliph	glanville
CASRKGQPSNQPQHF	KGQP_2_6	immgliph	glanville
CASSIKGQPTTGELFF	KGQP_2_6	immgliph	glanville
CASSLEQGKGQPQHF	KGQP_2_6	immgliph	glanville
CASSKGTVTDTQYF	KGTV_1_2	immgliph	glanville
CATKGTVTYEQYF	KGTV_1_2	immgliph	glanville
CALKGTVNTGELFF	KGTV_1_2	immgliph	glanville
CSARILGINEQFF	LGIN_3_5	immgliph	glanville
CASSLGALGINEQFF	LGIN_3_5	immgliph	glanville
CSARVLGINEQFF	LGIN_3_5	immgliph	glanville
CASSVTGLISYEQYF	LISY_4_5	immgliph	glanville
CASSLGNLISYNEQFF	LISY_4_5	immgliph	glanville
CATSRDLISYEQYF	LISY_4_5	immgliph	glanville
CASSLKDRPAGYTF	LKDR_2_2	immgliph	glanville
CASSLKDRAYEQYF	LKDR_2_2	immgliph	glanville
CASSLKDRDEKLFF	LKDR_2_2	immgliph	glanville
CASSTLRLRNIQYF	LRLR_2_3	immgliph	glanville
CSASLRLRDQPQHF	LRLR_2_3	immgliph	glanville
CASSLRLRSTDTQYF	LRLR_2_3	immgliph	glanville
CASSLRQALNEKLFF	LRQA_2_3	immgliph	glanville
CSARDLRQAEETQYF	LRQA_2_3	immgliph	glanville
CASSLRQAKNIQYF	LRQA_2_3	immgliph	glanville
CASSLRSRAYEQYF	LRSR_2_2	immgliph	glanville
CASSLRSRGYEQYF	LRSR_2_2	immgliph	glanville
CASSLRSRSYEQYF	LRSR_2_2	immgliph	glanville
CASSLSKGTETTDTQYF	LSKG_2_5	immgliph	glanville
CASSELSKGQILF	LSKG_2_5	immgliph	glanville
CASSLLGLSKGYTF	LSKG_2_5	immgliph	glanville
CASSWGGGALYQPQHF	LYQP_4_7	immgliph	glanville
CSVSTGLYQPQHF	LYQP_4_7	immgliph	glanville
CASRPGIRWLYQPQHF	LYQP_4_7	immgliph	glanville
CSAPGTGLYQPQHF	LYQP_4_7	immgliph	glanville
CASSPGSQWNTEAFF	PGSQ_2_3	immgliph	glanville
CAIRQPGSQAGGELFF	PGSQ_2_3	immgliph	glanville
CASRDPGSQSYEQYF	PGSQ_2_3	immgliph	glanville
CSASGPLQETQYF	PLQE_3_6	immgliph	glanville
CASSLNFPLQETQYF	PLQE_3_6	immgliph	glanville
CASSLRPHPLQETQYF	PLQE_3_6	immgliph	glanville
CSARPPLGGPYNEQFF	PPLG_2_3	immgliph	glanville
CASSPPLGTGGVNFVPGELFF	PPLG_2_3	immgliph	glanville
CASSPPPLGGLDTQYF	PPLG_2_3	immgliph	glanville
CSAGPTSAGTRDEQFF	PTSA_1_3	immgliph	glanville
CASSMPTSATLANTGELFF	PTSA_1_3	immgliph	glanville
CSAPTSADYNEQFF	PTSA_1_3	immgliph	glanville
CASSLAVPTSYAVGEQFF	PTSY_4_7	immgliph	glanville
CASGLVVGSPTSYEQYF	PTSY_4_7	immgliph	glanville
CASRETPTSYNEQFF	PTSY_4_7	immgliph	glanville
CASSLEGQANSEAFF	QANS_2_5	immgliph	glanville
CASSLEGQANSPLHF	QANS_2_5	immgliph	glanville
CASSLVGQANSPLHF	QANS_2_5	immgliph	glanville
CASTQANSGNTIYF	QANS_2_5	immgliph	glanville
CASSSGQGHYNEQFF	QGHY_4_4	immgliph	glanville
CASSVGQGHYNEQFF	QGHY_4_4	immgliph	glanville
CASSLGQGHYNEQFF	QGHY_4_4	immgliph	glanville
CASSPGQGHYNEQFF	QGHY_4_4	immgliph	glanville
CSAPGQGQLNTEAFF	QGQL_2_3	immgliph	glanville
CASSLQGQLTEAFF	QGQL_2_3	immgliph	glanville
CASSQGQLETQYF	QGQL_2_3	immgliph	glanville
CASTGQISGELFF	QISG_2_4	immgliph	glanville
CASTQISGANVLTF	QISG_2_4	immgliph	glanville
CASSPGQISGNTIYF	QISG_2_4	immgliph	glanville
CASSPSFQTTEAFF	QTTE_4_5	immgliph	glanville
CASSRGQTTEAFF	QTTE_4_5	immgliph	glanville
CASSLGQTTETQYF	QTTE_4_5	immgliph	glanville
CASSLDTQVIGYTF	QVIG_2_5	immgliph	glanville
CASSQVIGHYGYTF	QVIG_2_5	immgliph	glanville
CASSQVIGRGGQETQYF	QVIG_2_5	immgliph	glanville
CASSTLRLRNIQYF	RLRN_2_7	immgliph	glanville
CASSSTSSGRLRNYGYTF	RLRN_2_7	immgliph	glanville
CAWSRLRNEQFF	RLRN_2_7	immgliph	glanville
CASSTRDRVHNEQFF	RVHN_5_5	immgliph	glanville
CATGPRDRVHNEQFF	RVHN_5_5	immgliph	glanville
CASSARDRVHNEQFF	RVHN_5_5	immgliph	glanville
CASSIGGGLRVPYNEQFF	RVPY_4_7	immgliph	glanville
CSAPRARVPYNEQFF	RVPY_4_7	immgliph	glanville
CASSIGGGPRVPYNEQFF	RVPY_4_7	immgliph	glanville
CSATGLIRVPYNEQFF	RVPY_4_7	immgliph	glanville
CSARVYRLVNTEAFF	RVYR_1_4	immgliph	glanville
CASSLRRVYRERSSEAFF	RVYR_1_4	immgliph	glanville
CATSRVYRGLNSPLHF	RVYR_1_4	immgliph	glanville
CASSDTTYEQYF	SDTT_1_3	immgliph	glanville
CASSFSDTTQPQHF	SDTT_1_3	immgliph	glanville
CASSDTTGATNEKLFF	SDTT_1_3	immgliph	glanville
CASRPGQSEGHGYTF	SEGH_1_5	immgliph	glanville
CASSEGHETQYF	SEGH_1_5	immgliph	glanville
CASSEGHSYEQYF	SEGH_1_5	immgliph	glanville
CASSEGHTSSYEQYF	SEGH_1_5	immgliph	glanville
CATSEGHKNSPLHF	SEGH_1_5	immgliph	glanville
CASSIVSGRGYTF	SIVS_1_1	immgliph	glanville
CASSIVSGGTGYTF	SIVS_1_1	immgliph	glanville
CASSIVSASEQFF	SIVS_1_1	immgliph	glanville
CASSLIENTEAFF	SLIE_1_1	immgliph	glanville
CASSLIEGLEQYF	SLIE_1_1	immgliph	glanville
CASSLIEQQPQHF	SLIE_1_1	immgliph	glanville
CASSLIEGGTEAFF	SLIE_1_1	immgliph	glanville
CASSLKDRPAGYTF	SLKD_1_1	immgliph	glanville
CASSLKDRAYEQYF	SLKD_1_1	immgliph	glanville
CASSLKDRDEKLFF	SLKD_1_1	immgliph	glanville
CSARGRSLNIQYF	SLNI_1_4	immgliph	glanville
CASSLNILGGNYEQYF	SLNI_1_4	immgliph	glanville
CASSHDSLNIQYF	SLNI_1_4	immgliph	glanville
CASSPNPDRDQFF	SPNP_1_3	immgliph	glanville
CASSPNPGETSTDTQYF	SPNP_1_3	immgliph	glanville
CASSPNPGATSTDTQYF	SPNP_1_3	immgliph	glanville
CAWSPNPFRRGPNQPQHF	SPNP_1_3	immgliph	glanville
CASSVSPNPDRSYTF	SPNP_1_3	immgliph	glanville
CASSQDFGEQFF	SQDF_1_1	immgliph	glanville
CASSQDFRVLYF	SQDF_1_1	immgliph	glanville
CASSQDFNNEQFF	SQDF_1_1	immgliph	glanville
CASSQDFRGGQAFF	SQDF_1_1	immgliph	glanville
CASSQPVGNQPQHF	SQPV_1_4	immgliph	glanville
CASSVGSQPVGYTF	SQPV_1_4	immgliph	glanville
CASSQPVLTSKTQYF	SQPV_1_4	immgliph	glanville
CASSSISDYGYTF	SSIS_1_2	immgliph	glanville
CASSSISGPSEAFF	SSIS_1_2	immgliph	glanville
CASSSSISSGNTIYF	SSIS_1_2	immgliph	glanville
CASSSISGTPQETQYF	SSIS_1_2	immgliph	glanville
CASSVALMGGELFF	SVAL_1_1	immgliph	glanville
CASSVALYANEQFF	SVAL_1_1	immgliph	glanville
CASSVALLGETQYF	SVAL_1_1	immgliph	glanville
CASSVALASGANVLTF	SVAL_1_1	immgliph	glanville
CASSVALQGVHTQYF	SVAL_1_1	immgliph	glanville
CASSVALATGEQYF	SVAL_1_1	immgliph	glanville
CASSVALLTGGQVF	SVAL_1_1	immgliph	glanville
CASSVALFGEGYTF	SVAL_1_1	immgliph	glanville
CASSVALAGNTIYF	SVAL_1_1	immgliph	glanville
CASSVALGAGGGYTF	SVAL_1_1	immgliph	glanville
CASSVALYGQSVTF	SVAL_1_1	immgliph	glanville
CASSVALLGGEQYF	SVAL_1_1	immgliph	glanville
CASSVALAGAEYF	SVAL_1_1	immgliph	glanville
CASSVALLGNTIYF	SVAL_1_1	immgliph	glanville
CASSVALAGDYEQYF	SVAL_1_1	immgliph	glanville
CASSYIGEQFF	SYIG_1_1	immgliph	glanville
CASSYIGLNTEAFF	SYIG_1_1	immgliph	glanville
CASSYIGTGDGYTF	SYIG_1_1	immgliph	glanville
CASSFGTESNQPQHF	TESN_4_4	immgliph	glanville
CASSSGTESNQPQHF	TESN_4_4	immgliph	glanville
CASSLGTESNQPQHF	TESN_4_4	immgliph	glanville
CASSRGTESNTEAFF	TESN_4_4	immgliph	glanville
CASSVTGLISYEQYF	TGLI_1_6	immgliph	glanville
CSARGQEATGLISGNTIYF	TGLI_1_6	immgliph	glanville
CSATGLIRVPYNEQFF	TGLI_1_6	immgliph	glanville
CASTTGTLTDTQYF	TLTD_4_7	immgliph	glanville
CASSPTRTGTLTDTQYF	TLTD_4_7	immgliph	glanville
CASSYSTLTDTQYF	TLTD_4_7	immgliph	glanville
CASRPRGTSPNEQYF	TSPN_1_6	immgliph	glanville
CASSSPSRTSPNLIEQYF	TSPN_1_6	immgliph	glanville
CSVNTSPNIQYF	TSPN_1_6	immgliph	glanville
CASTSPNAGEETQYF	TSPN_1_6	immgliph	glanville
CASSVALASGANVLTF	VALA_2_2	immgliph	glanville
CASSVALATGEQYF	VALA_2_2	immgliph	glanville
CASSVALAGNTIYF	VALA_2_2	immgliph	glanville
CASSVALAGAEYF	VALA_2_2	immgliph	glanville
CASSVALAGDYEQYF	VALA_2_2	immgliph	glanville
CASSVALLGETQYF	VALL_2_2	immgliph	glanville
CASSVALLTGGQVF	VALL_2_2	immgliph	glanville
CASSVALLGGEQYF	VALL_2_2	immgliph	glanville
CASSVALLGNTIYF	VALL_2_2	immgliph	glanville
CASSFVFTGARETQYF	VFTG_3_8	immgliph	glanville
CACKMGGRVFTGELFF	VFTG_3_8	immgliph	glanville
CASSVPSTSGVFTGELFF	VFTG_3_8	immgliph	glanville
CASSYEWDREAFF	WDRE_2_4	immgliph	glanville
CASSWDREREQYF	WDRE_2_4	immgliph	glanville
CASSWDREGQPQHF	WDRE_2_4	immgliph	glanville
CASSWDREAEQYF	WDRE_2_4	immgliph	glanville
CASSYPGLAGVTDTQYF	YPGL_2_3	immgliph	glanville
CASSYPGLAGGRATDTQYF	YPGL_2_3	immgliph	glanville
CASSLYPGLALVADTQYF	YPGL_2_3	immgliph	glanville
CASSYSISSDTEAFF	YSIS_2_2	immgliph	glanville
CASSYSISTGPGNTIYF	YSIS_2_2	immgliph	glanville
CASSYSISENTEAFF	YSIS_2_2	immgliph	glanville
CASSYSTARGSTDTQYF	YSTA_2_3	immgliph	glanville
CASSYSTAGQGSYNEQFF	YSTA_2_3	immgliph	glanville
CASSKYSTASGYEQYF	YSTA_2_3	immgliph	glanville
CASSEGTGSSYEQYF	%EGTGSSYE_GS	immgliph	glanville
CAYGEGTGSSYEQYF	%EGTGSSYE_GS	immgliph	glanville
CASSFGTGDNEQFF	%FGTGDNE_S	immgliph	glanville
CASSFGTGDNEAFF	%FGTGDNE_S	immgliph	glanville
CASTGEVNTGELFF	%GEVNTGE_TV	immgliph	glanville
CAMVGEVNTGELFF	%GEVNTGE_TV	immgliph	glanville
CSARGGRTNTGELFF	%GGRTNTGE_R	immgliph	glanville
CSVRGGRTNTGELFF	%GGRTNTGE_R	immgliph	glanville
CSARGQGNEQYF	%GQGNE_R	immgliph	glanville
CSARGQGNEQFF	%GQGNE_R	immgliph	glanville
CSSQGSGANVLTF	%GSGANV_Q	immgliph	glanville
CAIQGSGANVLTF	%GSGANV_Q	immgliph	glanville
CASSGTVTYEQYF	%GTVTYE_KS	immgliph	glanville
CATKGTVTYEQYF	%GTVTYE_KS	immgliph	glanville
CSAAKRDEQFF	%KRDE_AS	immgliph	glanville
CSASKRDEAFF	%KRDE_AS	immgliph	glanville
CASSPGRGEQYF	%PGRGE_S	immgliph	glanville
CASSPGRGEQFF	%PGRGE_S	immgliph	glanville
CASSQQGTGELFF	%QQGTGE_S	immgliph	glanville
CASSQQGTGEAFF	%QQGTGE_S	immgliph	glanville
CASTRADTQYF	%RADT_ST	immgliph	glanville
CASSRADTQYF	%RADT_ST	immgliph	glanville
CSATSYNEQFF	%SYNE_ST	immgliph	glanville
CASSSYNEQFF	%SYNE_ST	immgliph	glanville
CSVEGGRFNEKLFF	EGGR%NEK_FY	immgliph	glanville
CSVEGGRYNEKLFF	EGGR%NEK_FY	immgliph	glanville
CASGLVRGEAFF	GLVR%E_GN	immgliph	glanville
CASGLVRNEQFF	GLVR%E_GN	immgliph	glanville
CSSQGSGANVLTF	Q%SGANV_G	immgliph	glanville
CAIQGSGANVLTF	Q%SGANV_G	immgliph	glanville
CSSQGSGANVLTF	QG%GANV_S	immgliph	glanville
CAIQGSGANVLTF	QG%GANV_S	immgliph	glanville
CSSQGSGANVLTF	QGS%ANV_G	immgliph	glanville
CAIQGSGANVLTF	QGS%ANV_G	immgliph	glanville
CSSQGSGANVLTF	QGSG%NV_A	immgliph	glanville
CAIQGSGANVLTF	QGSG%NV_A	immgliph	glanville
CSSQGSGANVLTF	QGSGA%V_N	immgliph	glanville
CAIQGSGANVLTF	QGSGA%V_N	immgliph	glanville
CSSQGSGANVLTF	QGSGAN%_V	immgliph	glanville
CAIQGSGANVLTF	QGSGAN%_V	immgliph	glanville
CSGQNNEQFF	QN%E_GN	immgliph	glanville
CSVQNGEAFF	QN%E_GN	immgliph	glanville
CSARVGEGYTF	R%GEG_TV	immgliph	glanville
CSARTGEGYTF	R%GEG_TV	immgliph	glanville
CSARGGRTNTGELFF	R%GRTNTGE_G	immgliph	glanville
CSVRGGRTNTGELFF	R%GRTNTGE_G	immgliph	glanville
CSARILGINEQFF	R%LGINE_IV	immgliph	glanville
CSARVLGINEQFF	R%LGINE_IV	immgliph	glanville
CSARSQGNEQFF	R%QGNE_GKS	immgliph	glanville
CSARGQGNEQYF	R%QGNE_GKS	immgliph	glanville
CSARGQGNEQFF	R%QGNE_GKS	immgliph	glanville
CSARKQGNEQFF	R%QGNE_GKS	immgliph	glanville
CSARSRTGDSPLHF	R%RTGDSP_DEST	immgliph	glanville
CSARERTGDSPLHF	R%RTGDSP_DEST	immgliph	glanville
CSARDRTGDSPLHF	R%RTGDSP_DEST	immgliph	glanville
CSARTRTGDSPLHF	R%RTGDSP_DEST	immgliph	glanville
CSARSSGGEAKNIQYF	R%SGGEAKNI_AS	immgliph	glanville
CSARASGGEAKNIQYF	R%SGGEAKNI_AS	immgliph	glanville
CSARASGGEAKNIQYF	RA%GGEAKNI_GS	immgliph	glanville
CSARAGGGEAKNIQYF	RA%GGEAKNI_GS	immgliph	glanville
CSARDVGVSYNEQFF	RDV%VSYNE_AG	immgliph	glanville
CSARDVAVSYNEQFF	RDV%VSYNE_AG	immgliph	glanville
CSARGQGNEQYF	RG%GNE_Q	immgliph	glanville
CSARGQGNEQFF	RG%GNE_Q	immgliph	glanville
CSARGGRTNTGELFF	RG%RTNTGE_G	immgliph	glanville
CSVRGGRTNTGELFF	RG%RTNTGE_G	immgliph	glanville
CSARGGRTNTGELFF	RGG%TNTGE_R	immgliph	glanville
CSVRGGRTNTGELFF	RGG%TNTGE_R	immgliph	glanville
CSARGGRTNTGELFF	RGGR%NTGE_T	immgliph	glanville
CSVRGGRTNTGELFF	RGGR%NTGE_T	immgliph	glanville
CSARGGRTNTGELFF	RGGRT%TGE_N	immgliph	glanville
CSVRGGRTNTGELFF	RGGRT%TGE_N	immgliph	glanville
CSARGGRTNTGELFF	RGGRTN%GE_T	immgliph	glanville
CSVRGGRTNTGELFF	RGGRTN%GE_T	immgliph	glanville
CSARGGRTNTGELFF	RGGRTNT%E_G	immgliph	glanville
CSVRGGRTNTGELFF	RGGRTNT%E_G	immgliph	glanville
CSARGGRTNTGELFF	RGGRTNTG%_E	immgliph	glanville
CSVRGGRTNTGELFF	RGGRTNTG%_E	immgliph	glanville
CSARGQGNEQYF	RGQ%NE_G	immgliph	glanville
CSARGQGNEQFF	RGQ%NE_G	immgliph	glanville
CSARGQGNEQYF	RGQG%E_N	immgliph	glanville
CSARGQGNEQFF	RGQG%E_N	immgliph	glanville
CSARGQGNEQYF	RGQGN%_E	immgliph	glanville
CSARGQGNEQFF	RGQGN%_E	immgliph	glanville
CASRRTGSNYGYTF	RRTG%NYG_AS	immgliph	glanville
CASRRTGANYGYTF	RRTG%NYG_AS	immgliph	glanville
CSARTGGDYGYTF	RTGG%YG_DN	immgliph	glanville
CASRTGGNYGYTF	RTGG%YG_DN	immgliph	glanville
CSARVVGVNEQFF	RV%GVNE_LV	immgliph	glanville
CSARVLGVNEQFF	RV%GVNE_LV	immgliph	glanville
CSARVLGVNEQFF	RVLG%NE_IV	immgliph	glanville
CSARVLGINEQFF	RVLG%NE_IV	immgliph	glanville
CASSLADSNQPQHF	S%ADSNQP_FL	immgliph	glanville
CASSFADSNQPQHF	S%ADSNQP_FL	immgliph	glanville
CASSLEETQYF	S%EET_FL	immgliph	glanville
CASSFEETQYF	S%EET_FL	immgliph	glanville
CATSRENTDTQYF	S%ENTDT_ER	immgliph	glanville
CASSEENTDTQYF	S%ENTDT_ER	immgliph	glanville
CASSVGQGHYNEQFF	S%GQGHYNE_LV	immgliph	glanville
CASSLGQGHYNEQFF	S%GQGHYNE_LV	immgliph	glanville
CASSPGRGEQYF	S%GRGE_P	immgliph	glanville
CASSPGRGEQFF	S%GRGE_P	immgliph	glanville
CASSFGTESNQPQHF	S%GTESNQP_FL	immgliph	glanville
CASSLGTESNQPQHF	S%GTESNQP_FL	immgliph	glanville
CASSFGTGDNEQFF	S%GTGDNE_F	immgliph	glanville
CASSFGTGDNEAFF	S%GTGDNE_F	immgliph	glanville
CASSQLAAGQETQYF	S%LAAGQET_QS	immgliph	glanville
CASSSLAAGQETQYF	S%LAAGQET_QS	immgliph	glanville
CASSQLENTEAFF	S%LENTE_EQ	immgliph	glanville
CASSELENTEAFF	S%LENTE_EQ	immgliph	glanville
CASSSLTDTQYF	S%LTDT_QS	immgliph	glanville
CASSQLTDTQYF	S%LTDT_QS	immgliph	glanville
CASSSPGARYGYTF	S%PGARYG_NS	immgliph	glanville
CASSNPGARYGYTF	S%PGARYG_NS	immgliph	glanville
CASSLQETQYF	S%QET_IL	immgliph	glanville
CASSIQETQYF	S%QET_IL	immgliph	glanville
CASSQQGPGELFF	S%QGPGE_HQ	immgliph	glanville
CASSHQGPGELFF	S%QGPGE_HQ	immgliph	glanville
CASSQQGTGELFF	S%QGTGE_Q	immgliph	glanville
CASSQQGTGEAFF	S%QGTGE_Q	immgliph	glanville
CASSTRDRVHNEQFF	S%RDRVHNE_AT	immgliph	glanville
CASSARDRVHNEQFF	S%RDRVHNE_AT	immgliph	glanville
CASSSRQGADTQYF	S%RQGADT_NS	immgliph	glanville
CASSNRQGADTQYF	S%RQGADT_NS	immgliph	glanville
CASSLRSRGYEQYF	S%RSRGYE_FL	immgliph	glanville
CASSFRSRGYEQYF	S%RSRGYE_FL	immgliph	glanville
CAISNSNQPQHF	S%SNQP_NR	immgliph	glanville
CASSRSNQPQHF	S%SNQP_NR	immgliph	glanville
CASSKTGTYEQYF	S%TGTYE_KR	immgliph	glanville
CASSRTGTYEQYF	S%TGTYE_KR	immgliph	glanville
CASSALTGYEEYF	SAL%GYE_AT	immgliph	glanville
CASSALAGYEQYF	SAL%GYE_AT	immgliph	glanville
CASSARRDTEAFF	SARR%TE_DN	immgliph	glanville
CASSARRNTEAFF	SARR%TE_DN	immgliph	glanville
CASSDEVNSPLHF	SD%VNSP_ER	immgliph	glanville
CASSDRVNSPLHF	SD%VNSP_ER	immgliph	glanville
CASSFSETQYF	SF%ET_ES	immgliph	glanville
CASSFEETQYF	SF%ET_ES	immgliph	glanville
CASSFGTGDNEQFF	SF%TGDNE_G	immgliph	glanville
CASSFGTGDNEAFF	SF%TGDNE_G	immgliph	glanville
CASSFGTGDNEQFF	SFG%GDNE_T	immgliph	glanville
CASSFGTGDNEAFF	SFG%GDNE_T	immgliph	glanville
CASSFGTGDNEQFF	SFGT%DNE_G	immgliph	glanville
CASSFGTGDNEAFF	SFGT%DNE_G	immgliph	glanville
CASSFGTEYGYTF	SFGT%YG_EN	immgliph	glanville
CASSFGTNYGYTF	SFGT%YG_EN	immgliph	glanville
CASSFGTGDNEQFF	SFGTG%NE_D	immgliph	glanville
CASSFGTGDNEAFF	SFGTG%NE_D	immgliph	glanville
CASSFGTGDNEQFF	SFGTGD%E_N	immgliph	glanville
CASSFGTGDNEAFF	SFGTGD%E_N	immgliph	glanville
CASSFGTGDNEQFF	SFGTGDN%_E	immgliph	glanville
CASSFGTGDNEAFF	SFGTGDN%_E	immgliph	glanville
CSASISTSSTDTQYF	SI%TSSTDT_GS	immgliph	glanville
CSASIGTSSTDTQYF	SI%TSSTDT_GS	immgliph	glanville
CASSLEETQYF	SL%ET_EQ	immgliph	glanville
CASSLQETQYF	SL%ET_EQ	immgliph	glanville
CASSLAGTDTQYF	SL%GTDT_AG	immgliph	glanville
CAWSLGGTDTQYF	SL%GTDT_AG	immgliph	glanville
CASSLGLAGINEQYF	SL%LAGINE_AG	immgliph	glanville
CASSLALAGINEQFF	SL%LAGINE_AG	immgliph	glanville
CASSLSVSGNTIYF	SL%VSGNT_QS	immgliph	glanville
CASSLQVSGNTIYF	SL%VSGNT_QS	immgliph	glanville
CASSLALGGFGNTIYF	SLA%GGFGNT_FL	immgliph	glanville
CASSLAFGGFGNTIYF	SLA%GGFGNT_FL	immgliph	glanville
CASSLAGTDTQYF	SLAGT%T_DE	immgliph	glanville
CASSLAGTETQYF	SLAGT%T_DE	immgliph	glanville
CASSLALAGINEQFF	SLALAG%NE_IV	immgliph	glanville
CASSLALAGVNEQFF	SLALAG%NE_IV	immgliph	glanville
CASSLDVDYGYTF	SLD%DYG_MV	immgliph	glanville
CASSLDMDYGYTF	SLD%DYG_MV	immgliph	glanville
CASSLGVAGGQETQYF	SLG%AGGQET_LV	immgliph	glanville
CASSLGLAGGQETQYF	SLG%AGGQET_LV	immgliph	glanville
CASSLGNSPLHF	SLG%SP_DN	immgliph	glanville
CASSLGDSPLHF	SLG%SP_DN	immgliph	glanville
CASSLGNTGELFF	SLG%TGE_NR	immgliph	glanville
CASSLGRTGEQYF	SLG%TGE_NR	immgliph	glanville
CASSLGQNYGYTF	SLGQ%YG_GN	immgliph	glanville
CASSLGQGYGYTF	SLGQ%YG_GN	immgliph	glanville
CASSLGQGWGYTF	SLGQG%G_WY	immgliph	glanville
CASSLGQGYGYTF	SLGQG%G_WY	immgliph	glanville
CASSLGQGANYGYTF	SLGQG%NYG_AV	immgliph	glanville
CASSLGQGVNYGYTF	SLGQG%NYG_AV	immgliph	glanville
CASSLRSRAYEQYF	SLRSR%YE_AGS	immgliph	glanville
CASSLRSRGYEQYF	SLRSR%YE_AGS	immgliph	glanville
CASSLRSRSYEQYF	SLRSR%YE_AGS	immgliph	glanville
CASSLSVSGNTIYF	SLS%SGNT_LV	immgliph	glanville
CASSLSLSGNTIYF	SLS%SGNT_LV	immgliph	glanville
CASSLSPGSGNTIYF	SLSPG%GNT_AS	immgliph	glanville
CASSLSPGAGNTIYF	SLSPG%GNT_AS	immgliph	glanville
CAISNSNQPQHF	SNSN%P_QS	immgliph	glanville
CASSNSNSPLHF	SNSN%P_QS	immgliph	glanville
CASSPWLSSYNEQFF	SP%LSSYNE_FW	immgliph	glanville
CASSPFLSSYNEQFF	SP%LSSYNE_FW	immgliph	glanville
CASSPGRGEQYF	SP%RGE_G	immgliph	glanville
CASSPGRGEQFF	SP%RGE_G	immgliph	glanville
CASSPGRGEQYF	SPG%GE_R	immgliph	glanville
CASSPGRGEQFF	SPG%GE_R	immgliph	glanville
CASSPGRGEQYF	SPGR%E_GNQ	immgliph	glanville
CASSPGRQEQYF	SPGR%E_GNQ	immgliph	glanville
CASSPGRGEQFF	SPGR%E_GNQ	immgliph	glanville
CASSPGRNEQFF	SPGR%E_GNQ	immgliph	glanville
CASSPGRGEQYF	SPGRG%_E	immgliph	glanville
CASSPGRGEQFF	SPGRG%_E	immgliph	glanville
CASSPRAGERGYTF	SPRA%ERG_GN	immgliph	glanville
CASSPRANERGYTF	SPRA%ERG_GN	immgliph	glanville
CASSPRDRGQYEQYF	SPRDRG%YE_QS	immgliph	glanville
CASSPRDRGSYEQYF	SPRDRG%YE_QS	immgliph	glanville
CASSPSTGNYGYTF	SPSTG%YG_GN	immgliph	glanville
CASSPSTGGYGYTF	SPSTG%YG_GN	immgliph	glanville
CASSQQGTGELFF	SQ%GTGE_Q	immgliph	glanville
CASSQQGTGEAFF	SQ%GTGE_Q	immgliph	glanville
CASSQALGDTQYF	SQ%LGDT_AV	immgliph	glanville
CASSQVLGDTQYF	SQ%LGDT_AV	immgliph	glanville
CASSQDLGGTSTDTQYF	SQDLG%TSTDT_AG	immgliph	glanville
CASSQDLGATSTDTQYF	SQDLG%TSTDT_AG	immgliph	glanville
CASSQQGTGELFF	SQQ%TGE_G	immgliph	glanville
CASSQQGTGEAFF	SQQ%TGE_G	immgliph	glanville
CASSQQGTGELFF	SQQG%GE_T	immgliph	glanville
CASSQQGTGEAFF	SQQG%GE_T	immgliph	glanville
CASSQQGTGELFF	SQQGT%E_G	immgliph	glanville
CASSQQGTGEAFF	SQQGT%E_G	immgliph	glanville
CASSQQGTGELFF	SQQGTG%_E	immgliph	glanville
CASSQQGTGEAFF	SQQGTG%_E	immgliph	glanville
CASSRADTQYF	SR%DT_AT	immgliph	glanville
CASSRTDTQYF	SR%DT_AT	immgliph	glanville
CASSRNRGQETQYF	SRNRG%ET_QR	immgliph	glanville
CASSRNRGRETQYF	SRNRG%ET_QR	immgliph	glanville
CASSRSGQPQHF	SRS%QP_GN	immgliph	glanville
CASSRSNQPQHF	SRS%QP_GN	immgliph	glanville
CASSSEETQYF	SS%ET_EQ	immgliph	glanville
CASSSQETQYF	SS%ET_EQ	immgliph	glanville
CATSSGAGEQYF	SSG%GE_AS	immgliph	glanville
CATSSGSGELFF	SSG%GE_AS	immgliph	glanville
CATSSGSNEQFF	SSGS%E_GN	immgliph	glanville
CATSSGSGELFF	SSGS%E_GN	immgliph	glanville
CASSSRTSGSYEQYF	SSRTSG%YE_AS	immgliph	glanville
CASSSRTSGAYEQYF	SSRTSG%YE_AS	immgliph	glanville
CASSTRDRGAYEQYF	STRDRG%YE_AS	immgliph	glanville
CASSTRDRGSYEQYF	STRDRG%YE_AS	immgliph	glanville
CASSVALMGGELFF	SVAL%GGE_LM	immgliph	glanville
CASSVALLGGEQYF	SVAL%GGE_LM	immgliph	glanville
CASSVALLGETQYF	SVALLG%T_EN	immgliph	glanville
CASSVALLGNTIYF	SVALLG%T_EN	immgliph	glanville
CASSVGGYADTQYF	SVGG%ADT_FY	immgliph	glanville
CASSVGGFADTQYF	SVGG%ADT_FY	immgliph	glanville
CAWSVSSGRNEQFF	SVSSG%NE_NR	immgliph	glanville
CASSVSSGNNEQFF	SVSSG%NE_NR	immgliph	glanville
CASSYGPDTQYF	SYGP%T_DE	immgliph	glanville
CASSYGPETQYF	SYGP%T_DE	immgliph	glanville
CASTEGGTDTQYF	T%GGTDT_ES	immgliph	glanville
CIATSGGTDTQYF	T%GGTDT_ES	immgliph	glanville
CASTEGGTDTQYF	TEG%TDT_GS	immgliph	glanville
CATTEGSTDTQYF	TEG%TDT_GS	immgliph	glanville
